episode,global_step,elapsed_s,adv_reward,good_reward,aloss_leader,aloss_adv,aloss_good,closs_adv,ent_adv,ent_good,kl_adv
20,1000,4.9,2.739,-91.056,-0.0053,-0.0023,-0.0066,0.3052,1.6001,1.6014,0.0006
40,2000,9.7,10.397,-49.461,-0.0022,-0.0010,-0.0032,1.1116,1.5853,1.5883,-0.0000
60,3000,14.6,6.220,-16.680,-0.0021,-0.0011,-0.0018,0.4833,1.5744,1.5810,0.0001
80,4000,19.4,12.804,-30.385,-0.0018,-0.0007,-0.0015,0.5744,1.5734,1.5596,-0.0001
100,5000,24.2,14.260,-15.374,-0.0022,-0.0008,-0.0006,0.3979,1.5663,1.5458,0.0002
120,6000,29.0,13.034,-19.412,-0.0017,-0.0008,-0.0012,0.3240,1.5580,1.5448,0.0002
140,7000,33.8,9.097,-12.868,-0.0023,-0.0009,-0.0019,0.1754,1.5390,1.5435,0.0007
160,8000,38.6,14.761,-13.315,-0.0019,-0.0011,-0.0016,0.1981,1.5413,1.5425,-0.0004
180,9000,43.4,24.171,-15.916,-0.0014,-0.0009,-0.0015,0.2422,1.5275,1.5389,0.0003
200,,,,,,,,,,,
200,10000,50.3,17.501,-11.428,-0.0016,-0.0012,-0.0015,0.1279,1.5317,1.5338,0.0001
220,11000,54.9,20.545,-15.147,-0.0015,-0.0012,-0.0010,0.1427,1.5368,1.5353,0.0011
240,12000,59.7,17.255,-15.611,-0.0020,-0.0015,-0.0015,0.0872,1.5296,1.5206,0.0003
260,13000,64.6,23.735,-26.266,-0.0019,-0.0015,-0.0015,0.0836,1.5275,1.5279,0.0004
280,14000,69.5,24.025,-16.805,-0.0019,-0.0013,-0.0013,0.1203,1.5078,1.5069,0.0002
300,15000,74.6,29.622,-20.610,-0.0019,-0.0006,-0.0007,0.1880,1.5155,1.5075,-0.0000
320,16000,79.4,31.280,-20.294,-0.0018,-0.0013,-0.0010,0.1469,1.4992,1.4830,0.0004
340,17000,84.3,20.099,-14.793,-0.0019,-0.0008,-0.0027,0.1008,1.4781,1.5052,-0.0004
360,18000,89.3,27.419,-17.478,-0.0018,-0.0008,-0.0015,0.1404,1.4701,1.5038,0.0002
380,19000,94.3,25.839,-15.241,-0.0022,-0.0007,-0.0014,0.1019,1.4814,1.5071,0.0001
400,,,,,,,,,,,
400,20000,101.3,24.294,-19.151,-0.0018,-0.0011,-0.0014,0.1016,1.4802,1.5113,-0.0000
420,21000,106.2,18.389,-14.644,-0.0032,-0.0019,-0.0010,0.0895,1.5001,1.5074,0.0006
440,22000,111.3,21.999,-17.457,-0.0019,-0.0010,-0.0008,0.1050,1.4886,1.4793,-0.0001
460,23000,116.3,27.500,-17.494,-0.0017,-0.0014,-0.0012,0.1307,1.4795,1.4798,-0.0001
480,24000,121.2,40.431,-23.564,-0.0014,-0.0014,-0.0011,0.1961,1.4625,1.4747,0.0003
500,25000,126.2,26.231,-24.686,-0.0019,-0.0018,-0.0011,0.1300,1.4334,1.4838,0.0001
520,26000,131.2,35.971,-21.906,-0.0013,-0.0011,-0.0026,0.1072,1.4117,1.4593,0.0008
540,27000,136.2,41.145,-25.592,-0.0017,-0.0009,-0.0010,0.2205,1.4032,1.4461,0.0003
560,28000,141.2,40.008,-26.759,-0.0019,-0.0012,-0.0018,0.1386,1.4041,1.4657,0.0006
580,29000,146.2,30.259,-19.851,-0.0017,-0.0008,-0.0021,0.1204,1.4219,1.4671,0.0004
600,,,,,,,,,,,
600,30000,153.3,26.903,-16.132,-0.0015,-0.0006,-0.0017,0.1074,1.4038,1.4663,0.0001
620,31000,158.1,27.248,-17.322,-0.0014,-0.0013,-0.0018,0.1021,1.4221,1.4581,0.0003
640,32000,163.1,24.804,-18.201,-0.0016,-0.0017,-0.0031,0.1385,1.4382,1.4553,0.0002
660,33000,168.0,24.218,-21.674,-0.0020,-0.0010,-0.0036,0.0797,1.4531,1.4504,0.0007
680,34000,173.0,32.195,-24.486,-0.0017,-0.0005,-0.0018,0.1193,1.4584,1.4659,0.0003
700,35000,178.0,18.039,-17.195,-0.0013,-0.0007,-0.0005,0.1101,1.4664,1.4998,0.0002
720,36000,183.0,25.034,-22.025,-0.0016,-0.0009,-0.0006,0.1458,1.4570,1.4910,-0.0003
740,37000,187.9,38.174,-25.995,-0.0017,-0.0010,-0.0016,0.1958,1.4305,1.4947,0.0004
760,38000,192.8,30.061,-22.702,-0.0017,-0.0011,-0.0011,0.1210,1.4354,1.4796,0.0002
780,39000,197.7,44.507,-33.164,-0.0019,-0.0008,-0.0022,0.2068,1.4292,1.4584,0.0002
800,,,,,,,,,,,
800,40000,204.7,43.825,-25.662,-0.0017,-0.0008,-0.0008,0.1695,1.4154,1.4619,0.0004
820,41000,209.6,40.553,-24.830,-0.0027,-0.0008,-0.0010,0.1077,1.4203,1.4624,-0.0005
840,42000,214.7,35.128,-22.409,-0.0015,-0.0009,-0.0019,0.1531,1.4364,1.4500,0.0000
860,43000,219.7,31.385,-25.423,-0.0016,-0.0009,-0.0010,0.1447,1.4353,1.4631,-0.0001
880,44000,224.7,32.725,-30.795,-0.0020,-0.0016,-0.0031,0.1410,1.4176,1.4230,0.0005
900,45000,229.7,28.709,-17.186,-0.0016,-0.0012,-0.0032,0.0960,1.3945,1.4723,0.0003
920,46000,234.6,25.164,-17.888,-0.0013,-0.0016,-0.0012,0.1230,1.4096,1.4565,0.0005
940,47000,239.6,28.482,-26.134,-0.0017,-0.0019,-0.0010,0.1138,1.4216,1.4505,0.0009
960,48000,244.5,45.535,-33.675,-0.0019,-0.0014,-0.0008,0.2185,1.4059,1.4591,0.0011
980,49000,249.6,44.855,-34.662,-0.0019,-0.0012,-0.0006,0.1488,1.4058,1.4684,0.0002
1000,,,,,,,,,,,
1000,50000,256.6,51.907,-35.849,-0.0019,-0.0011,-0.0017,0.2594,1.4132,1.4567,0.0005
1020,51000,261.5,53.418,-34.448,-0.0014,-0.0012,-0.0016,0.2528,1.3726,1.4271,0.0005
1040,52000,266.3,46.596,-27.149,-0.0018,-0.0011,-0.0009,0.2001,1.3455,1.4369,-0.0001
1060,53000,271.1,41.202,-24.896,-0.0018,-0.0014,-0.0027,0.2529,1.3459,1.4518,0.0004
1080,54000,276.1,44.458,-24.018,-0.0018,-0.0017,-0.0016,0.1808,1.3748,1.4541,0.0009
1100,55000,281.0,50.047,-28.080,-0.0010,-0.0012,-0.0014,0.2055,1.3476,1.4467,0.0004
1120,56000,285.9,54.183,-29.522,-0.0017,-0.0015,-0.0023,0.1475,1.3624,1.4693,-0.0001
1140,57000,290.7,42.024,-28.869,-0.0018,-0.0009,-0.0029,0.1466,1.3492,1.4485,0.0002
1160,58000,295.7,51.569,-28.719,-0.0017,-0.0009,-0.0020,0.1782,1.3214,1.4716,0.0008
1180,59000,300.5,42.698,-26.254,-0.0015,-0.0008,-0.0008,0.2162,1.3152,1.4583,0.0009
1200,,,,,,,,,,,
1200,60000,307.4,35.186,-35.141,-0.0018,-0.0015,-0.0007,0.1493,1.2881,1.4577,0.0005
1220,61000,312.3,42.256,-31.068,-0.0019,-0.0011,-0.0012,0.1446,1.3006,1.4594,0.0006
1240,62000,317.2,39.640,-30.781,-0.0023,-0.0019,-0.0010,0.1146,1.2655,1.4888,-0.0004
1260,63000,322.0,37.682,-31.675,-0.0028,-0.0012,-0.0004,0.1032,1.2379,1.4446,-0.0002
1280,64000,326.9,35.859,-26.446,-0.0020,-0.0007,-0.0007,0.1342,1.2365,1.4709,0.0002
1300,65000,331.6,49.963,-35.470,-0.0017,-0.0009,-0.0014,0.1245,1.2231,1.4835,0.0003
1320,66000,336.6,62.364,-40.738,-0.0022,-0.0010,-0.0008,0.1943,1.1694,1.4773,0.0002
1340,67000,341.4,34.090,-31.496,-0.0013,-0.0009,-0.0023,0.0855,1.1550,1.4876,0.0003
1360,68000,346.3,61.206,-35.292,-0.0015,-0.0008,-0.0019,0.1418,1.1724,1.4995,-0.0000
1380,69000,351.2,50.013,-28.559,-0.0016,-0.0008,-0.0019,0.1531,1.2095,1.4829,0.0008
1400,,,,,,,,,,,
1400,70000,358.2,46.739,-36.113,-0.0021,-0.0006,-0.0022,0.1157,1.2276,1.4810,-0.0001
1420,71000,363.1,41.255,-24.233,-0.0021,-0.0008,-0.0020,0.1216,1.2387,1.5093,0.0006
1440,72000,368.0,51.554,-29.993,-0.0016,-0.0008,-0.0027,0.1231,1.2219,1.4971,-0.0001
1460,73000,372.8,30.404,-19.028,-0.0015,-0.0012,-0.0028,0.1496,1.2613,1.5150,-0.0000
1480,74000,377.6,36.580,-23.628,-0.0019,-0.0015,-0.0029,0.1344,1.2862,1.5097,0.0006
1500,75000,382.4,26.534,-24.353,-0.0027,-0.0006,-0.0018,0.1151,1.2957,1.5011,-0.0004
1520,76000,387.3,17.540,-19.404,-0.0028,-0.0009,-0.0016,0.0995,1.2625,1.4986,-0.0000
1540,77000,392.4,23.872,-28.191,-0.0021,-0.0006,-0.0018,0.2093,1.2976,1.4978,0.0004
1560,78000,397.3,30.370,-24.915,-0.0020,-0.0013,-0.0012,0.0867,1.3123,1.4858,0.0002
1580,79000,402.3,37.277,-37.019,-0.0017,-0.0014,-0.0019,0.1192,1.3085,1.4883,0.0005
1600,,,,,,,,,,,
1600,80000,409.2,54.757,-39.121,-0.0023,-0.0011,-0.0015,0.2507,1.3340,1.4707,0.0005
1620,81000,414.0,51.929,-33.107,-0.0022,-0.0011,-0.0007,0.1022,1.3150,1.4598,0.0005
1640,82000,418.8,46.230,-30.713,-0.0015,-0.0008,-0.0013,0.1789,1.3461,1.4644,-0.0002
1660,83000,423.6,52.834,-36.042,-0.0019,-0.0003,-0.0006,0.2424,1.3422,1.4692,0.0002
1680,84000,428.5,52.341,-43.235,-0.0020,-0.0012,-0.0020,0.1747,1.3118,1.4435,0.0005
1700,85000,433.3,51.584,-38.050,-0.0021,-0.0005,-0.0018,0.2062,1.3012,1.3838,0.0000
1720,86000,438.1,43.045,-28.225,-0.0016,-0.0007,-0.0012,0.1675,1.2933,1.4102,0.0001
1740,87000,443.0,49.184,-28.779,-0.0021,-0.0004,-0.0018,0.2179,1.3031,1.4110,0.0003
1760,88000,447.8,46.952,-29.532,-0.0019,-0.0009,-0.0021,0.1310,1.3038,1.4341,-0.0005
1780,89000,452.6,51.494,-29.523,-0.0021,-0.0006,-0.0021,0.2009,1.2934,1.4537,-0.0002
1800,,,,,,,,,,,
1800,90000,459.5,44.879,-28.383,-0.0017,-0.0007,-0.0012,0.1386,1.2973,1.4633,0.0000
1820,91000,464.3,40.868,-25.626,-0.0016,-0.0010,-0.0018,0.1756,1.2978,1.4894,0.0003
1840,92000,469.2,45.909,-30.986,-0.0019,-0.0008,-0.0025,0.1468,1.3040,1.4620,0.0003
1860,93000,474.2,29.485,-37.625,-0.0016,-0.0017,-0.0007,0.1224,1.3162,1.4618,-0.0003
1880,94000,479.0,36.328,-43.177,-0.0020,-0.0010,-0.0021,0.1497,1.3041,1.4558,0.0001
1900,95000,483.8,46.356,-34.977,-0.0019,-0.0009,-0.0007,0.2009,1.2809,1.4763,0.0004
1920,96000,488.7,43.259,-29.502,-0.0022,-0.0008,-0.0012,0.1274,1.2970,1.4881,0.0002
1940,97000,493.5,50.830,-34.543,-0.0021,-0.0005,-0.0024,0.1491,1.2799,1.4785,0.0000
1960,98000,498.2,60.058,-33.981,-0.0021,-0.0010,-0.0013,0.1812,1.3075,1.4808,-0.0000
1980,99000,503.0,47.723,-26.820,-0.0021,-0.0011,-0.0030,0.1352,1.3273,1.4778,0.0006
2000,,,,,,,,,,,
2000,100000,510.0,47.802,-27.960,-0.0016,-0.0010,-0.0016,0.1559,1.3041,1.4777,0.0009
2020,101000,514.7,40.214,-30.630,-0.0021,-0.0006,-0.0010,0.1206,1.3287,1.4676,0.0003
2040,102000,519.5,45.354,-28.964,-0.0025,-0.0009,-0.0015,0.1562,1.3009,1.4795,0.0001
2060,103000,524.3,33.888,-22.551,-0.0025,-0.0006,-0.0018,0.1099,1.2900,1.4350,0.0003
2080,104000,529.2,39.246,-37.529,-0.0028,-0.0008,-0.0015,0.1371,1.2964,1.4556,0.0000
2100,105000,533.9,35.659,-29.774,-0.0018,-0.0011,-0.0014,0.1504,1.3141,1.4110,0.0001
2120,106000,538.6,48.327,-30.736,-0.0017,-0.0012,-0.0011,0.1659,1.3322,1.4088,0.0003
2140,107000,543.3,35.454,-31.589,-0.0015,-0.0013,-0.0016,0.1233,1.3073,1.3918,0.0003
2160,108000,548.2,64.630,-42.207,-0.0016,-0.0010,-0.0017,0.2732,1.3041,1.3722,0.0003
2180,109000,553.1,51.145,-30.123,-0.0017,-0.0008,-0.0015,0.3100,1.3079,1.3949,-0.0004
2200,,,,,,,,,,,
2200,110000,559.9,45.095,-33.251,-0.0015,-0.0010,-0.0006,0.1583,1.3165,1.3703,-0.0001
2220,111000,564.5,61.172,-37.370,-0.0022,-0.0005,-0.0007,0.1697,1.3192,1.4108,0.0003
2240,112000,569.1,46.799,-28.973,-0.0012,-0.0009,-0.0019,0.1970,1.2982,1.3892,-0.0001
2260,113000,573.9,52.943,-33.801,-0.0016,-0.0006,-0.0025,0.1853,1.2924,1.4075,0.0001
2280,114000,578.6,46.993,-39.409,-0.0021,-0.0008,-0.0005,0.1590,1.2723,1.3597,-0.0002
2300,115000,583.5,38.464,-30.244,-0.0012,-0.0006,-0.0011,0.1496,1.2756,1.3628,0.0002
2320,116000,588.3,46.683,-28.470,-0.0018,-0.0009,-0.0009,0.1317,1.3077,1.3818,0.0003
2340,117000,593.0,41.358,-33.471,-0.0020,-0.0008,-0.0012,0.1392,1.2861,1.3937,0.0001
2360,118000,597.6,31.092,-21.802,-0.0021,-0.0008,-0.0012,0.1743,1.2552,1.3860,0.0006
2380,119000,602.3,25.207,-47.347,-0.0021,-0.0008,-0.0009,0.1335,1.2751,1.3818,-0.0004
2400,,,,,,,,,,,
2400,120000,609.1,28.761,-35.192,-0.0023,-0.0012,-0.0011,0.1301,1.2599,1.4373,0.0004
2420,121000,613.7,44.769,-46.775,-0.0022,-0.0018,-0.0012,0.1699,1.2919,1.4443,0.0003
2440,122000,618.5,40.988,-37.313,-0.0024,-0.0014,-0.0010,0.1308,1.2712,1.4360,0.0003
2460,123000,623.3,52.165,-35.574,-0.0022,-0.0008,-0.0013,0.2351,1.2668,1.4601,0.0000
2480,124000,628.0,56.612,-35.544,-0.0019,-0.0013,-0.0007,0.2827,1.2624,1.4320,0.0004
2500,125000,632.7,48.228,-28.843,-0.0024,-0.0010,-0.0010,0.1373,1.2422,1.4455,0.0002
2520,126000,637.5,36.004,-33.399,-0.0020,-0.0011,-0.0007,0.1323,1.2345,1.4395,0.0002
2540,127000,642.4,39.012,-29.939,-0.0015,-0.0006,-0.0007,0.2116,1.2617,1.4620,0.0000
2560,128000,647.1,35.814,-27.634,-0.0016,-0.0006,-0.0009,0.1970,1.2397,1.4760,0.0002
2580,129000,652.0,41.221,-24.181,-0.0024,-0.0008,-0.0013,0.1289,1.2220,1.4842,0.0004
2600,,,,,,,,,,,
2600,130000,658.9,39.411,-38.035,-0.0020,-0.0006,-0.0020,0.2383,1.1997,1.4800,0.0002
2620,131000,663.5,43.338,-26.649,-0.0020,-0.0006,-0.0006,0.1641,1.1980,1.5014,-0.0002
2640,132000,668.4,43.466,-34.910,-0.0017,-0.0007,-0.0011,0.2333,1.2280,1.4995,0.0002
2660,133000,673.2,44.986,-31.718,-0.0021,-0.0007,-0.0008,0.1374,1.2394,1.5025,-0.0001
2680,134000,678.1,36.609,-31.605,-0.0019,-0.0015,-0.0007,0.1541,1.2155,1.5059,0.0007
2700,135000,682.9,41.128,-37.572,-0.0020,-0.0004,-0.0018,0.1913,1.2311,1.4954,-0.0003
2720,136000,687.8,48.168,-29.398,-0.0025,-0.0013,-0.0009,0.2247,1.2327,1.4988,-0.0002
2740,137000,692.6,56.106,-38.421,-0.0022,-0.0008,-0.0006,0.2775,1.2089,1.5057,0.0001
2760,138000,697.5,41.776,-29.680,-0.0017,-0.0007,-0.0007,0.1797,1.1865,1.4827,0.0004
2780,139000,702.4,45.002,-31.917,-0.0026,-0.0009,-0.0011,0.1513,1.2035,1.5008,0.0002
2800,,,,,,,,,,,
2800,140000,709.3,51.811,-33.368,-0.0018,-0.0010,-0.0010,0.2318,1.2088,1.4980,0.0003
2820,141000,714.1,35.972,-25.654,-0.0015,-0.0008,-0.0010,0.2066,1.2297,1.4877,-0.0001
2840,142000,719.0,52.325,-40.664,-0.0025,-0.0005,-0.0017,0.2139,1.2404,1.5082,-0.0001
2860,143000,723.8,43.979,-38.918,-0.0016,-0.0005,-0.0014,0.1960,1.2659,1.4878,0.0000
2880,144000,728.7,44.517,-31.923,-0.0024,-0.0007,-0.0017,0.2177,1.2586,1.4889,-0.0000
2900,145000,733.5,43.548,-27.723,-0.0020,-0.0010,-0.0024,0.1680,1.2031,1.4863,0.0001
2920,146000,738.3,34.260,-25.594,-0.0020,-0.0011,-0.0015,0.1518,1.2182,1.4745,0.0003
2940,147000,743.0,29.136,-28.369,-0.0014,-0.0005,-0.0012,0.1453,1.2074,1.4745,0.0002
2960,148000,747.7,37.144,-32.434,-0.0028,-0.0008,-0.0009,0.1511,1.2311,1.4630,0.0002
2980,149000,752.4,29.358,-28.823,-0.0032,-0.0009,-0.0018,0.1303,1.2311,1.4752,-0.0002
3000,,,,,,,,,,,
3000,150000,759.3,40.933,-27.267,-0.0025,-0.0006,-0.0013,0.1633,1.2506,1.4476,-0.0001
3020,151000,764.0,37.143,-34.863,-0.0036,-0.0005,-0.0010,0.1583,1.2369,1.4600,-0.0001
3040,152000,768.8,28.096,-22.898,-0.0020,-0.0011,-0.0007,0.2026,1.2561,1.4294,0.0005
3060,153000,773.8,44.830,-38.173,-0.0018,-0.0023,-0.0013,0.1998,1.2478,1.4323,0.0012
3080,154000,778.6,56.504,-34.694,-0.0013,-0.0020,-0.0022,0.2886,1.2485,1.4561,0.0012
3100,155000,783.4,54.943,-31.504,-0.0028,-0.0009,-0.0005,0.2458,1.2367,1.4447,0.0005
3120,156000,788.2,66.131,-36.060,-0.0015,-0.0009,-0.0007,0.2525,1.2854,1.4548,0.0004
3140,157000,793.0,61.534,-37.888,-0.0015,-0.0013,-0.0011,0.2189,1.2491,1.4472,0.0004
3160,158000,797.7,52.529,-34.080,-0.0027,-0.0010,-0.0013,0.3682,1.2365,1.4532,0.0005
3180,159000,802.5,47.334,-30.332,-0.0016,-0.0013,-0.0018,0.2394,1.2230,1.4438,0.0005
3200,,,,,,,,,,,
3200,160000,809.4,46.098,-29.571,-0.0018,-0.0011,-0.0017,0.2325,1.2262,1.4589,0.0002
3220,161000,814.3,34.743,-27.477,-0.0018,-0.0010,-0.0013,0.1713,1.2772,1.4686,-0.0001
3240,162000,819.3,41.118,-32.639,-0.0017,-0.0011,-0.0011,0.2085,1.2551,1.4839,-0.0003
3260,163000,824.2,35.386,-25.509,-0.0021,-0.0012,-0.0028,0.1836,1.2332,1.4821,0.0007
3280,164000,829.3,43.254,-28.277,-0.0015,-0.0011,-0.0018,0.2092,1.2735,1.4667,-0.0002
3300,165000,834.3,32.373,-19.223,-0.0017,-0.0009,-0.0029,0.1163,1.2467,1.4734,0.0004
3320,166000,839.3,26.563,-26.373,-0.0019,-0.0005,-0.0025,0.1470,1.2334,1.4499,-0.0002
3340,167000,844.3,28.402,-19.690,-0.0023,-0.0006,-0.0019,0.1496,1.2687,1.4612,0.0001
3360,168000,849.3,22.765,-33.640,-0.0018,-0.0014,-0.0014,0.1507,1.2027,1.4578,0.0007
3380,169000,854.1,22.891,-70.270,-0.0022,-0.0012,-0.0001,0.1292,1.2297,1.4324,-0.0001
3400,,,,,,,,,,,
3400,170000,860.9,29.680,-76.956,-0.0018,-0.0014,-0.0033,0.1385,1.2551,1.4297,0.0004
3420,171000,865.7,43.212,-34.806,-0.0021,-0.0008,-0.0012,0.1902,1.2992,1.4564,-0.0002
3440,172000,870.4,45.654,-30.072,-0.0017,-0.0007,-0.0018,0.1425,1.2801,1.4689,0.0008
3460,173000,875.2,42.609,-27.363,-0.0021,-0.0005,-0.0007,0.1337,1.3154,1.4552,0.0003
3480,174000,880.0,47.047,-25.824,-0.0024,-0.0006,-0.0009,0.2036,1.2861,1.4734,-0.0002
3500,175000,884.7,42.548,-29.108,-0.0021,-0.0011,-0.0015,0.0889,1.3054,1.4669,0.0001
3520,176000,889.5,41.774,-25.110,-0.0023,-0.0006,-0.0010,0.2039,1.2854,1.4636,0.0001
3540,177000,894.2,39.345,-24.690,-0.0019,-0.0008,-0.0005,0.1270,1.3093,1.4710,0.0002
3560,178000,899.1,40.843,-26.021,-0.0020,-0.0006,-0.0006,0.1616,1.3033,1.4674,0.0003
3580,179000,903.9,41.974,-25.176,-0.0015,-0.0011,-0.0007,0.1679,1.2607,1.4615,0.0004
3600,,,,,,,,,,,
3600,180000,910.6,36.704,-23.371,-0.0023,-0.0008,-0.0014,0.1379,1.2634,1.4700,-0.0000
3620,181000,915.3,42.021,-27.959,-0.0019,-0.0009,-0.0007,0.2381,1.2838,1.4575,0.0005
3640,182000,920.1,39.801,-27.603,-0.0018,-0.0006,-0.0008,0.1359,1.2903,1.4627,0.0001
3660,183000,924.8,44.827,-28.913,-0.0018,-0.0004,-0.0006,0.1411,1.2700,1.4664,0.0001
3680,184000,929.6,56.238,-33.146,-0.0022,-0.0008,-0.0012,0.2361,1.2876,1.4819,0.0003
3700,185000,934.3,54.949,-30.946,-0.0014,-0.0016,-0.0009,0.2370,1.3072,1.4767,0.0006
3720,186000,939.0,29.110,-42.277,-0.0016,-0.0007,-0.0006,0.1854,1.3081,1.4863,0.0003
3740,187000,943.8,33.919,-42.573,-0.0022,-0.0006,-0.0033,0.1911,1.2865,1.4834,-0.0003
3760,188000,948.7,43.044,-33.598,-0.0020,-0.0010,-0.0017,0.1542,1.3040,1.4826,0.0001
3780,189000,953.5,47.569,-28.292,-0.0017,-0.0005,-0.0020,0.1932,1.3481,1.4742,-0.0001
3800,,,,,,,,,,,
3800,190000,960.3,39.791,-27.005,-0.0019,-0.0008,-0.0011,0.2725,1.3169,1.4726,0.0004
3820,191000,965.0,43.221,-30.926,-0.0017,-0.0005,-0.0017,0.1373,1.3246,1.4674,0.0004
3840,192000,969.8,43.851,-31.684,-0.0026,-0.0006,-0.0008,0.3521,1.2888,1.4621,0.0002
3860,193000,974.7,31.529,-26.186,-0.0023,-0.0009,-0.0020,0.1596,1.3026,1.4582,0.0002
3880,194000,979.3,47.141,-27.393,-0.0022,-0.0006,-0.0008,0.2098,1.2828,1.4538,0.0001
3900,195000,984.2,35.366,-27.242,-0.0022,-0.0007,-0.0007,0.1606,1.2759,1.4357,0.0005
3920,196000,989.0,50.932,-30.539,-0.0024,-0.0010,-0.0007,0.2341,1.3169,1.4430,0.0000
3940,197000,993.8,39.368,-25.893,-0.0030,-0.0007,-0.0013,0.1883,1.3298,1.4468,0.0001
3960,198000,998.5,37.546,-26.260,-0.0019,-0.0009,-0.0005,0.1928,1.2791,1.4277,0.0000
3980,199000,1003.4,39.779,-27.931,-0.0017,-0.0005,-0.0005,0.1785,1.3145,1.4415,-0.0002
4000,,,,,,,,,,,
4000,200000,1010.3,38.535,-25.197,-0.0018,-0.0005,-0.0006,0.2119,1.2607,1.4405,-0.0001
4020,201000,1015.0,40.695,-33.089,-0.0026,-0.0007,-0.0006,0.2884,1.2866,1.4507,0.0005
4040,202000,1019.7,39.708,-39.420,-0.0014,-0.0006,-0.0016,0.2507,1.3166,1.4644,-0.0001
4060,203000,1024.5,44.673,-30.068,-0.0020,-0.0012,-0.0023,0.1950,1.2478,1.4399,0.0007
4080,204000,1029.2,46.674,-30.758,-0.0017,-0.0006,-0.0007,0.2048,1.2637,1.4506,0.0001
4100,205000,1033.9,46.374,-28.046,-0.0022,-0.0003,-0.0014,0.2078,1.2846,1.4295,0.0004
4120,206000,1038.7,43.740,-34.977,-0.0017,-0.0010,-0.0008,0.2037,1.2745,1.4351,-0.0001
4140,207000,1043.5,33.874,-32.465,-0.0022,-0.0004,-0.0009,0.1965,1.3291,1.4528,0.0002
4160,208000,1048.3,41.246,-26.147,-0.0025,-0.0007,-0.0014,0.1514,1.3078,1.4193,0.0001
4180,209000,1053.1,30.518,-27.782,-0.0025,-0.0006,-0.0003,0.2243,1.2791,1.4273,0.0007
4200,,,,,,,,,,,
4200,210000,1059.7,51.349,-36.703,-0.0017,-0.0008,-0.0014,0.2282,1.2695,1.4160,0.0001
4220,211000,1064.4,51.828,-31.532,-0.0023,-0.0006,-0.0006,0.1940,1.3103,1.4431,0.0003
4240,212000,1069.1,43.278,-25.808,-0.0022,-0.0008,-0.0012,0.2329,1.2842,1.4500,-0.0001
4260,213000,1073.9,33.550,-26.193,-0.0021,-0.0012,-0.0010,0.2319,1.2760,1.4444,-0.0000
4280,214000,1078.6,30.537,-27.684,-0.0021,-0.0006,-0.0010,0.1867,1.2713,1.4507,0.0001
4300,215000,1083.5,38.637,-33.110,-0.0020,-0.0011,-0.0023,0.1788,1.2671,1.4504,0.0002
4320,216000,1088.3,45.682,-26.201,-0.0019,-0.0009,-0.0006,0.1997,1.3090,1.4702,0.0005
4340,217000,1093.0,37.382,-32.375,-0.0012,-0.0007,-0.0015,0.2699,1.2817,1.4489,-0.0001
4360,218000,1097.8,45.117,-24.265,-0.0019,-0.0007,-0.0008,0.2826,1.3431,1.4625,0.0001
4380,219000,1102.7,26.818,-29.634,-0.0015,-0.0008,-0.0042,0.1970,1.3322,1.4504,-0.0002
4400,,,,,,,,,,,
4400,220000,1109.4,44.389,-27.620,-0.0022,-0.0006,-0.0005,0.1937,1.3062,1.4461,0.0000
4420,221000,1114.1,32.567,-24.765,-0.0019,-0.0014,-0.0013,0.2172,1.3412,1.4553,-0.0000
4440,222000,1118.9,52.665,-29.816,-0.0018,-0.0005,-0.0009,0.2191,1.3305,1.4655,0.0001
4460,223000,1123.6,46.469,-33.466,-0.0015,-0.0004,-0.0006,0.2964,1.3384,1.4588,0.0001
4480,224000,1128.4,33.541,-25.597,-0.0019,-0.0008,-0.0009,0.1766,1.3221,1.4614,0.0005
4500,225000,1133.1,36.736,-27.489,-0.0015,-0.0009,-0.0007,0.1738,1.3391,1.4679,0.0004
4520,226000,1137.8,37.612,-28.673,-0.0023,-0.0011,-0.0009,0.1899,1.3125,1.4808,0.0001
4540,227000,1142.5,39.785,-35.905,-0.0024,-0.0008,-0.0006,0.2432,1.3298,1.4563,-0.0000
4560,228000,1147.2,41.984,-28.392,-0.0027,-0.0003,-0.0013,0.2527,1.3287,1.4700,0.0002
4580,229000,1152.0,38.784,-27.576,-0.0019,-0.0009,-0.0010,0.2631,1.3379,1.4796,0.0002
4600,,,,,,,,,,,
4600,230000,1158.6,41.798,-34.272,-0.0014,-0.0006,-0.0015,0.1801,1.3141,1.4711,-0.0000
4620,231000,1163.2,46.498,-28.746,-0.0016,-0.0011,-0.0006,0.2840,1.3360,1.4679,0.0002
4640,232000,1167.8,48.456,-28.900,-0.0031,-0.0009,-0.0010,0.1945,1.3195,1.4712,0.0001
4660,233000,1172.5,53.490,-31.785,-0.0023,-0.0006,-0.0006,0.2672,1.3198,1.4818,-0.0003
4680,234000,1177.3,52.797,-31.952,-0.0019,-0.0007,-0.0008,0.2834,1.3389,1.4805,0.0002
4700,235000,1182.0,41.811,-28.107,-0.0023,-0.0005,-0.0006,0.1448,1.3293,1.4876,0.0001
4720,236000,1186.8,48.329,-33.217,-0.0016,-0.0006,-0.0015,0.2351,1.3382,1.4909,0.0002
4740,237000,1191.4,42.555,-29.889,-0.0018,-0.0005,-0.0015,0.1995,1.3520,1.5005,0.0000
4760,238000,1196.2,37.996,-28.558,-0.0022,-0.0010,-0.0008,0.2186,1.3285,1.4970,0.0000
4780,239000,1200.9,30.119,-33.109,-0.0016,-0.0005,-0.0014,0.2140,1.3199,1.4742,-0.0006
4800,,,,,,,,,,,
4800,240000,1207.8,39.427,-27.881,-0.0020,-0.0005,-0.0016,0.2388,1.3448,1.4810,0.0001
4820,241000,1212.5,38.827,-22.477,-0.0018,-0.0006,-0.0008,0.1819,1.3580,1.4872,0.0000
4840,242000,1217.2,44.217,-26.216,-0.0021,-0.0006,-0.0008,0.1453,1.3380,1.4812,0.0001
4860,243000,1222.0,46.381,-27.805,-0.0024,-0.0009,-0.0007,0.2492,1.3453,1.4759,-0.0000
4880,244000,1226.7,35.682,-26.545,-0.0016,-0.0012,-0.0008,0.2178,1.3281,1.4833,0.0004
4900,245000,1231.4,39.559,-25.360,-0.0023,-0.0012,-0.0020,0.1957,1.3321,1.4666,-0.0002
4920,246000,1236.2,41.635,-27.714,-0.0017,-0.0005,-0.0009,0.2569,1.3209,1.4660,-0.0000
4940,247000,1241.0,54.145,-31.617,-0.0019,-0.0008,-0.0011,0.2447,1.3274,1.4554,0.0001
4960,248000,1245.7,46.913,-32.520,-0.0020,-0.0007,-0.0021,0.2104,1.3423,1.4509,-0.0000
4980,249000,1250.4,44.698,-31.640,-0.0019,-0.0007,-0.0008,0.2742,1.3288,1.4663,0.0001
5000,,,,,,,,,,,
5000,250000,1257.2,54.169,-34.712,-0.0017,-0.0007,-0.0008,0.3221,1.3439,1.4712,0.0001
5020,251000,1261.9,40.242,-27.697,-0.0016,-0.0004,-0.0006,0.2588,1.3114,1.4794,0.0002
5040,252000,1266.5,47.189,-31.263,-0.0016,-0.0008,-0.0013,0.2464,1.3320,1.4648,0.0003
5060,253000,1271.3,36.688,-27.215,-0.0023,-0.0005,-0.0011,0.1593,1.3472,1.4650,-0.0000
5080,254000,1275.9,46.985,-29.498,-0.0024,-0.0008,-0.0009,0.2707,1.3136,1.4669,0.0003
5100,255000,1280.7,35.097,-22.983,-0.0016,-0.0013,-0.0007,0.1327,1.3491,1.4611,0.0006
5120,256000,1285.5,52.801,-29.006,-0.0025,-0.0005,-0.0017,0.2229,1.3144,1.4667,0.0001
5140,257000,1290.2,56.491,-31.905,-0.0013,-0.0006,-0.0015,0.2980,1.3257,1.4768,0.0004
5160,258000,1294.9,46.416,-26.822,-0.0019,-0.0007,-0.0008,0.2461,1.2974,1.4872,-0.0002
5180,259000,1299.7,46.282,-32.131,-0.0016,-0.0010,-0.0006,0.3101,1.2795,1.4634,0.0005
5200,,,,,,,,,,,
5200,260000,1306.5,37.442,-26.186,-0.0015,-0.0005,-0.0007,0.2542,1.2693,1.4831,-0.0002
5220,261000,1311.1,37.171,-25.173,-0.0014,-0.0009,-0.0014,0.2110,1.2597,1.4757,-0.0000
5240,262000,1315.7,45.053,-28.957,-0.0022,-0.0006,-0.0009,0.2913,1.2659,1.4683,0.0003
5260,263000,1320.5,50.604,-30.922,-0.0023,-0.0009,-0.0005,0.2281,1.2662,1.4773,0.0006
5280,264000,1325.2,39.388,-33.671,-0.0022,-0.0007,-0.0011,0.2082,1.2543,1.4706,0.0000
5300,265000,1330.0,39.473,-26.731,-0.0025,-0.0012,-0.0009,0.1908,1.2508,1.4873,0.0001
5320,266000,1334.6,33.733,-24.816,-0.0014,-0.0005,-0.0009,0.1771,1.2696,1.4799,0.0002
5340,267000,1339.2,41.919,-27.217,-0.0018,-0.0011,-0.0012,0.2507,1.2619,1.4910,-0.0001
5360,268000,1343.9,45.997,-27.211,-0.0016,-0.0010,-0.0008,0.2951,1.2528,1.4895,-0.0001
5380,269000,1348.6,35.067,-26.719,-0.0021,-0.0009,-0.0011,0.2066,1.2893,1.4909,0.0004
5400,,,,,,,,,,,
5400,270000,1355.5,37.648,-26.547,-0.0019,-0.0009,-0.0008,0.2554,1.2992,1.4825,0.0002
5420,271000,1360.0,44.704,-33.451,-0.0017,-0.0008,-0.0013,0.2828,1.2621,1.4646,0.0002
5440,272000,1364.9,47.723,-26.891,-0.0018,-0.0005,-0.0008,0.3211,1.2326,1.4743,0.0001
5460,273000,1369.7,38.888,-28.250,-0.0028,-0.0008,-0.0012,0.2512,1.2679,1.4782,0.0000
5480,274000,1374.6,32.284,-21.951,-0.0018,-0.0008,-0.0009,0.2029,1.2514,1.4761,0.0004
5500,275000,1379.3,42.341,-31.991,-0.0025,-0.0009,-0.0011,0.2046,1.2674,1.4573,0.0003
5520,276000,1384.2,39.911,-26.649,-0.0016,-0.0006,-0.0008,0.2317,1.3072,1.4600,0.0004
5540,277000,1388.9,51.542,-30.914,-0.0017,-0.0006,-0.0019,0.4341,1.3008,1.4667,0.0000
5560,278000,1393.7,47.553,-31.095,-0.0023,-0.0011,-0.0008,0.2849,1.3098,1.4661,0.0001
5580,279000,1398.4,36.143,-26.529,-0.0018,-0.0010,-0.0007,0.1891,1.3051,1.4728,-0.0001
5600,,,,,,,,,,,
5600,280000,1405.1,34.014,-31.942,-0.0016,-0.0016,-0.0017,0.2823,1.2811,1.4703,0.0007
5620,281000,1409.8,42.542,-31.476,-0.0013,-0.0016,-0.0009,0.2090,1.2826,1.4633,0.0003
5640,282000,1414.5,55.039,-37.326,-0.0022,-0.0014,-0.0010,0.3162,1.2498,1.4585,0.0010
5660,283000,1419.2,57.378,-33.851,-0.0016,-0.0010,-0.0014,0.3036,1.2798,1.4570,-0.0004
5680,284000,1423.9,62.033,-37.030,-0.0019,-0.0010,-0.0006,0.3536,1.2834,1.4712,0.0004
5700,285000,1428.7,47.543,-35.847,-0.0018,-0.0008,-0.0014,0.3043,1.2513,1.4818,-0.0001
5720,286000,1433.4,59.042,-37.194,-0.0020,-0.0007,-0.0011,0.3954,1.2836,1.4715,0.0006
5740,287000,1438.0,43.878,-28.673,-0.0022,-0.0011,-0.0006,0.2759,1.3075,1.4738,0.0003
5760,288000,1442.8,50.389,-28.593,-0.0020,-0.0009,-0.0007,0.3619,1.2652,1.4938,0.0002
5780,289000,1447.7,53.367,-30.614,-0.0019,-0.0006,-0.0006,0.2884,1.2722,1.4852,0.0007
5800,,,,,,,,,,,
5800,290000,1454.4,47.136,-27.969,-0.0019,-0.0004,-0.0008,0.3958,1.2789,1.4878,-0.0001
5820,291000,1459.0,44.094,-29.311,-0.0016,-0.0007,-0.0008,0.3110,1.3043,1.4946,0.0000
5840,292000,1463.7,36.192,-28.700,-0.0020,-0.0005,-0.0011,0.3137,1.2866,1.4942,0.0003
5860,293000,1468.4,46.358,-27.732,-0.0013,-0.0007,-0.0012,0.3175,1.3074,1.4944,0.0001
5880,294000,1473.2,33.329,-25.653,-0.0015,-0.0006,-0.0013,0.1718,1.2952,1.4874,-0.0001
5900,295000,1477.9,32.528,-27.635,-0.0029,-0.0003,-0.0015,0.2328,1.3361,1.4768,-0.0002
5920,296000,1482.8,46.929,-25.043,-0.0021,-0.0012,-0.0012,0.2350,1.3237,1.4892,-0.0000
5940,297000,1487.4,51.149,-27.707,-0.0019,-0.0008,-0.0017,0.3339,1.2953,1.4803,0.0003
5960,298000,1492.2,31.447,-23.480,-0.0018,-0.0007,-0.0012,0.2266,1.3024,1.4874,0.0002
5980,299000,1497.0,42.124,-26.520,-0.0023,-0.0007,-0.0012,0.1896,1.2847,1.4596,0.0002
6000,,,,,,,,,,,
6000,300000,1503.7,31.167,-39.987,-0.0026,-0.0006,-0.0008,0.2206,1.2816,1.4475,-0.0000
